{"(10, 8)": {"fire_at_missile": -0.8043104387289439, "fire_at_big": 6.023107555985422, "fire_at_small": -8.714540544855959, "do_nothing": -2.3083991504760424, "reload": -5.933570809313424}, "(9, 7)": {"fire_at_missile": -1.6801378675913876, "fire_at_big": 6.918658278856039, "fire_at_small": -9.377758229950087, "do_nothing": -2.1521480432200844, "reload": -1.4916650477247373}, "(7, 5)": {"fire_at_missile": -4.67329252108808, "fire_at_big": -2.3424882941572855, "fire_at_small": -1.434095572670479, "do_nothing": 1.964599744773756, "reload": -2.0091664170776884}, "(2, 4)": {"fire_at_missile": -19.229422527063257, "fire_at_big": -19.297393890358357, "fire_at_small": -19.282721873107054, "do_nothing": -19.11503946519681, "reload": -19.243947553068324}, "(0, 1)": {"fire_at_missile": 0.0, "fire_at_big": 0.0, "fire_at_small": 0.0, "do_nothing": 0.0, "reload": 0.0}, "(10, 10)": {"fire_at_missile": -9.35353655706639, "fire_at_big": 0.5727632177343207, "fire_at_small": -10.019956173083381, "do_nothing": -11.489981409280825, "reload": -13.682265859941625}, "(7, 7)": {"fire_at_missile": -12.863022449728541, "fire_at_big": -6.863721649796877, "fire_at_small": -12.533224320540661, "do_nothing": -13.384228647555638, "reload": -12.468183794062677}, "(2, 6)": {"fire_at_missile": -18.87789786885314, "fire_at_big": -19.233266576480858, "fire_at_small": -19.275660150650435, "do_nothing": -19.26855670622378, "reload": -19.259363312887608}, "(1, 5)": {"fire_at_missile": -19.408702851565675, "fire_at_big": -19.499327207009962, "fire_at_small": -19.489268773809908, "do_nothing": -19.49189386360836, "reload": -19.49330360157735}, "(-1, 3)": {"fire_at_missile": 0.0, "fire_at_big": 0.0, "fire_at_small": 0.0, "do_nothing": 0.0, "reload": 0.0}, "(9, 8)": {"fire_at_missile": -6.726065079674557, "fire_at_big": -0.009104871253260316, "fire_at_small": -9.688144729143715, "do_nothing": -8.105302685242767, "reload": -5.2056467642023705}, "(7, 6)": {"fire_at_missile": -12.701856392724409, "fire_at_big": -7.400404143477909, "fire_at_small": -10.136856750531258, "do_nothing": -12.256989589535463, "reload": -10.04465145735499}, "(5, 3)": {"fire_at_missile": -5.499177399797214, "fire_at_big": 0.003913802830785684, "fire_at_small": -6.534223172292067, "do_nothing": -8.028067210434992, "reload": -7.541334162374577}, "(4, 2)": {"fire_at_missile": -10.427467213345624, "fire_at_big": -2.926965774358177, "fire_at_small": -11.390375700779401, "do_nothing": -8.371700143034587, "reload": -5.361296776538584}, "(-1, 1)": {"fire_at_missile": 0.0, "fire_at_big": 0.0, "fire_at_small": 0.0, "do_nothing": 0.0, "reload": 0.0}, "(10, 11)": {"fire_at_missile": -9.787363487520642, "fire_at_big": -5.302171414365999, "fire_at_small": -9.560789275598102, "do_nothing": -8.27559177156251, "reload": -8.832001008532751}, "(9, 10)": {"fire_at_missile": -9.638952855448323, "fire_at_big": -7.82093044481924, "fire_at_small": -10.771714321089553, "do_nothing": -9.556370729971771, "reload": -15.773859554874203}, "(6, 6)": {"fire_at_missile": -13.642942546867307, "fire_at_big": -6.651071294307874, "fire_at_small": -13.394984555473537, "do_nothing": -13.695411180868364, "reload": -15.353432929631785}, "(6, 5)": {"fire_at_missile": -12.96322026093342, "fire_at_big": -10.657744173348508, "fire_at_small": -6.499936127118774, "do_nothing": -10.074455171006766, "reload": -9.831181311773276}, "(5, 4)": {"fire_at_missile": -11.468332252714621, "fire_at_big": -2.5692447249465458, "fire_at_small": -8.785792720898558, "do_nothing": -9.680010843498135, "reload": -8.450399348551464}, "(0, 2)": {"fire_at_missile": 0.0, "fire_at_big": 0.0, "fire_at_small": 0.0, "do_nothing": 0.0, "reload": 0.0}, "(9, 9)": {"fire_at_missile": -10.249321269747623, "fire_at_big": -11.380373358689337, "fire_at_small": -12.185829811229862, "do_nothing": -10.229810554953653, "reload": -9.290996400664534}, "(8, 8)": {"fire_at_missile": -13.360431782188472, "fire_at_big": -11.608686055801476, "fire_at_small": -10.929330048343692, "do_nothing": -8.276516172922395, "reload": -13.731060648330637}, "(0, 4)": {"fire_at_missile": 0.0, "fire_at_big": 0.0, "fire_at_small": 0.0, "do_nothing": 0.0, "reload": 0.0}, "(9, 6)": {"fire_at_missile": 4.730257367656443, "fire_at_big": 7.305513051337041, "fire_at_small": 4.733459479742235, "do_nothing": 5.45721145159265, "reload": 5.22269620482262}, "(8, 5)": {"fire_at_missile": 11.413773175233903, "fire_at_big": 6.547839883501078, "fire_at_small": 7.691447619649537, "do_nothing": 7.863458864588034, "reload": 8.999249882589847}, "(7, 4)": {"fire_at_missile": 8.290606807705377, "fire_at_big": 12.927885580011019, "fire_at_small": 7.809507713667802, "do_nothing": 5.756764175939001, "reload": 5.161982897943245}, "(5, 2)": {"fire_at_missile": 6.685469585314915, "fire_at_big": -2.5781047291073484, "fire_at_small": -0.3800873552693709, "do_nothing": -1.8348999291780514, "reload": -5.3009657661410845}, "(10, 9)": {"fire_at_missile": -9.012227710535084, "fire_at_big": 1.2515630072372452, "fire_at_small": -8.128547094621918, "do_nothing": -2.7264512119968627, "reload": -8.779325856805093}, "(8, 7)": {"fire_at_missile": -7.825174620825843, "fire_at_big": -6.056123526705087, "fire_at_small": -8.059148000175128, "do_nothing": -7.909408846060863, "reload": -8.588347513987717}, "(1, 4)": {"fire_at_missile": -19.43644285949659, "fire_at_big": -19.523609058140515, "fire_at_small": -19.524050561825742, "do_nothing": -19.52358917268528, "reload": -19.523619800741997}, "(-1, 2)": {"fire_at_missile": 0.0, "fire_at_big": 0.0, "fire_at_small": 0.0, "do_nothing": 0.0, "reload": 0.0}, "(6, 3)": {"fire_at_missile": 8.739539627645343, "fire_at_big": 7.7347665478466565, "fire_at_small": 13.696169626209581, "do_nothing": 8.64101010801603, "reload": 7.969951911315885}, "(5, 1)": {"fire_at_missile": -9.201438628273555, "fire_at_big": -11.864498702377048, "fire_at_small": -12.008322712252298, "do_nothing": -12.150585726966256, "reload": -10.158146349797072}, "(0, 0)": {"fire_at_missile": 0.0, "fire_at_big": 0.0, "fire_at_small": 0.0, "do_nothing": 0.0, "reload": 0.0}, "(8, 6)": {"fire_at_missile": -3.7731420582809108, "fire_at_big": 4.908710437088392, "fire_at_small": -6.39235018372097, "do_nothing": 0.20211678863779015, "reload": -1.788358162463918}, "(1, 3)": {"fire_at_missile": -19.504349292131653, "fire_at_big": -19.502343672644635, "fire_at_small": -19.50678646892743, "do_nothing": -19.52016819451722, "reload": -19.518750474147375}, "(6, 4)": {"fire_at_missile": -0.5637515277437428, "fire_at_big": 4.476749664272379, "fire_at_small": 0.16100442521685365, "do_nothing": -2.192846806591951, "reload": 0.9013563099436888}, "(4, 1)": {"fire_at_missile": -10.910981642366455, "fire_at_big": -12.602318846349815, "fire_at_small": -10.651694819424247, "do_nothing": -12.357385645544472, "reload": -10.557525527176447}, "(4, 0)": {"fire_at_missile": 0.0, "fire_at_big": 0.0, "fire_at_small": 0.0, "do_nothing": 0.0, "reload": 0.0}, "(0, 3)": {"fire_at_missile": 0.0, "fire_at_big": 0.0, "fire_at_small": 0.0, "do_nothing": 0.0, "reload": 0.0}, "(6, 7)": {"fire_at_missile": -18.51239176924592, "fire_at_big": -18.59522397223569, "fire_at_small": -18.560475063781944, "do_nothing": -18.56079943395275, "reload": -18.59649160650705}, "(1, 6)": {"fire_at_missile": -18.67114072338281, "fire_at_big": -18.726008230907247, "fire_at_small": -18.719948742779227, "do_nothing": -18.614125542469623, "reload": -18.681671417416187}, "(0, 5)": {"fire_at_missile": 0.0, "fire_at_big": 0.0, "fire_at_small": 0.0, "do_nothing": 0.0, "reload": 0.0}, "(8, 9)": {"fire_at_missile": -16.95309148779578, "fire_at_big": -9.960651170249974, "fire_at_small": -17.082480160474148, "do_nothing": -15.786298624623946, "reload": -17.32177409031125}, "(2, 7)": {"fire_at_missile": -13.880448806860999, "fire_at_big": -12.7179104591, "fire_at_small": -13.28321941319, "do_nothing": -13.349018435681, "reload": -13.862668496861001}, "(-1, 4)": {"fire_at_missile": 0.0, "fire_at_big": 0.0, "fire_at_small": 0.0,